Entity,Day,"COVID-19 doses (daily, 7-day average, per million people)"
India,2021-01-16,134.12227
India,2021-01-17,78.67874
India,2021-01-18,106.17876
India,2021-01-19,118.35696
India,2021-01-20,113.15713
India,2021-01-21,122.01453
India,2021-01-22,139.36633
India,2021-01-23,139.40923
India,2021-01-24,139.42757
India,2021-01-25,157.3227
India,2021-01-26,135.76369
India,2021-01-27,155.29172
India,2021-01-28,188.86812
India,2021-01-29,211.4094
India,2021-01-30,216.69083
India,2021-01-31,214.80728
India,2021-02-01,193.06015
India,2021-02-02,211.4097
India,2021-02-03,209.81969
India,2021-02-04,203.58786
India,2021-02-05,192.10556
India,2021-02-06,203.54736
India,2021-02-07,205.80545
India,2021-02-08,231.39514
India,2021-02-09,247.81041
India,2021-02-10,257.32327
India,2021-02-11,255.11871
India,2021-02-12,255.64317
India,2021-02-13,228.21613
India,2021-02-14,247.77107
India,2021-02-15,226.27495
India,2021-02-16,225.074
India,2021-02-17,217.4435
India,2021-02-18,234.66846
India,2021-02-19,248.77774
India,2021-02-20,279.20218
India,2021-02-21,280.6746
India,2021-02-22,291.37442
India,2021-02-23,305.67874
India,2021-02-24,318.6899
India,2021-02-25,322.7637
India,2021-02-26,331.43018
India,2021-02-27,341.17426
India,2021-02-28,322.3196
India,2021-03-01,343.76178
India,2021-03-02,372.15585
India,2021-03-03,425.88004
India,2021-03-04,494.9363
India,2021-03-05,575.3443
India,2021-03-06,669.455
India,2021-03-07,670.25146
India,2021-03-08,817.26074
India,2021-03-09,876.64764
India,2021-03-10,908.8993
India,2021-03-11,817.7438
India,2021-03-12,874.0014
India,2021-03-13,883.55365
India,2021-03-14,893.8727
India,2021-03-15,996.065
India,2021-03-16,1072.0255
India,2021-03-17,1148.3551
India,2021-03-18,1320.3995
India,2021-03-19,1387.5513
India,2021-03-20,1489.8264
India,2021-03-21,1519.1438
India,2021-03-22,1558.15
India,2021-03-23,1581.1594
India,2021-03-24,1603.7798
India,2021-03-25,1620.0325
India,2021-03-26,1608.1821
India,2021-03-27,1570.0541
India,2021-03-28,1549.8593
India,2021-03-29,1264.663
India,2021-03-30,1224.0042
India,2021-03-31,1199.8629
India,2021-04-01,1331.4039
India,2021-04-02,1497.7529
India,2021-04-03,1574.4567
India,2021-04-04,1861.5752
India,2021-04-05,2204.6157
India,2021-04-06,2407.618
India,2021-04-07,2513.6172
India,2021-04-08,2560.1543
India,2021-04-09,2507.6125
India,2021-04-10,2567.207
India,2021-04-11,2547.9553
India,2021-04-12,2547.8306
India,2021-04-13,2415.5337
India,2021-04-14,2434.8223
India,2021-04-15,2293.98
India,2021-04-16,2191.0767
India,2021-04-17,2107.3884
India,2021-04-18,1936.6681
India,2021-04-19,1863.71
India,2021-04-20,1724.6036
India,2021-04-21,1518.6334
India,2021-04-22,1556.5402
India,2021-04-23,1499.353
India,2021-04-24,1445.0907
India,2021-04-25,1536.6471
India,2021-04-26,1542.9838
India,2021-04-27,1652.8048
India,2021-04-28,1744.5734
India,2021-04-29,1655.0637
India,2021-04-30,1713.7744
India,2021-05-01,1662.1302
India,2021-05-02,1505.9525
India,2021-05-03,1358.7131
India,2021-05-04,1289.9948
India,2021-05-05,1290.6288
India,2021-05-06,1336.4282
India,2021-05-07,1322.1029
India,2021-05-08,1389.816
India,2021-05-09,1412.4484
India,2021-05-10,1504.9949
India,2021-05-11,1614.7476
India,2021-05-12,1614.9929
India,2021-05-13,1579.3047
India,2021-05-14,1448.8342
India,2021-05-15,1408.1711
India,2021-05-16,1397.694
India,2021-05-17,1274.6376
India,2021-05-18,1135.3981
India,2021-05-19,1038.7915
India,2021-05-20,954.6076
India,2021-05-21,973.9742
India,2021-05-22,931.8497
India,2021-05-23,948.91455
India,2021-05-24,1037.1362
India,2021-05-25,1033.7959
India,2021-05-26,1204.1552
India,2021-05-27,1334.5692
India,2021-05-28,1383.2594
India,2021-05-29,1628.2338
India,2021-05-30,1698.331
India,2021-05-31,1632.015
India,2021-06-01,1766.7894
India,2021-06-02,1729.0656
India,2021-06-03,1717.9076
India,2021-06-04,2048.6113
India,2021-06-05,1852.3011
India,2021-06-06,1941.8716
India,2021-06-07,2008.502
India,2021-06-08,2059.0566
India,2021-06-09,2122.5115
India,2021-06-10,2198.5972
India,2021-06-11,2013.9857
India,2021-06-12,2066.2458
India,2021-06-13,2143.6611
India,2021-06-14,2231.8896
India,2021-06-15,2167.2197
India,2021-06-16,2151.6812
India,2021-06-17,2273.8457
India,2021-06-18,2270.273
India,2021-06-19,2477.4844
India,2021-06-20,2491.1082
India,2021-06-21,3062.106
India,2021-06-22,3462.64
India,2021-06-23,3512.1838
India,2021-06-24,3716.568
India,2021-06-25,4039.4607
India,2021-06-26,4403.0103
India,2021-06-27,4384.0425
India,2021-06-28,3819.3806
India,2021-06-29,3765.143
India,2021-06-30,3586.6843
India,2021-07-01,3476.4233
India,2021-07-02,2907.4338
India,2021-07-03,2952.427
India,2021-07-04,2941.2957
India,2021-07-05,2987.1748
India,2021-07-06,2694.3108
India,2021-07-07,2897.6482
India,2021-07-08,3432.5217
India,2021-07-09,3692.1475
India,2021-07-10,3180.208
India,2021-07-11,3004.0151
India,2021-07-12,3030.4934
India,2021-07-13,3346.4036
India,2021-07-14,3334.3208
India,2021-07-15,2641.0747
India,2021-07-16,2724.4014
India,2021-07-17,2896.2957
India,2021-07-18,3110.5105
India,2021-07-19,3044.585
India,2021-07-20,2783.5864
India,2021-07-21,2656.9211
India,2021-07-22,2813.5266
India,2021-07-23,2824.8635
India,2021-07-24,2828.1475
India,2021-07-25,2686.615
India,2021-07-26,3013.2397
India,2021-07-27,3075.1973
India,2021-07-28,3292.767
India,2021-07-29,3268.8762
India,2021-07-30,3371.0508
India,2021-07-31,3379.467
India,2021-08-01,3710.942
India,2021-08-02,3692.4082
India,2021-08-03,3921.6333
India,2021-08-04,3872.137
India,2021-08-05,3938.0625
India,2021-08-06,3957.8352
India,2021-08-07,4002.7644
India,2021-08-08,3652.1604
India,2021-08-09,3582.4111
India,2021-08-10,3386.8591
India,2021-08-11,3440.4543
India,2021-08-12,3467.929
India,2021-08-13,3525.7993
India,2021-08-14,3711.7595
India,2021-08-15,3860.3477
India,2021-08-16,3609.9324
India,2021-08-17,3752.2483
India,2021-08-18,3856.5486
India,2021-08-19,3674.6226
India,2021-08-20,3709.7314
India,2021-08-21,3259.1353
India,2021-08-22,3366.2844
India,2021-08-23,3178.9248
India,2021-08-24,3228.233
India,2021-08-25,3585.073
India,2021-08-26,3787.898
India,2021-08-27,4242.8564
India,2021-08-28,4960.827
India,2021-08-29,5193.047
India,2021-08-30,5719.2417
India,2021-08-31,5619.1553
India,2021-09-01,6379.4263
India,2021-09-02,6552.8823
India,2021-09-03,6024.718
India,2021-09-04,5199.4785
India,2021-09-05,5204.235
India,2021-09-06,4925.65
India,2021-09-07,5499.0366
India,2021-09-08,4908.206
India,2021-09-09,5124.755
India,2021-09-10,4856.6826
India,2021-09-11,5580.6987
India,2021-09-12,5588.578
India,2021-09-13,6196.757
India,2021-09-14,5316.282
India,2021-09-15,5091.2104
India,2021-09-16,5054.279
India,2021-09-17,5339.078
India,2021-09-18,6272.4375
India,2021-09-19,6464.302
India,2021-09-20,6208.4766
India,2021-09-21,6927.486
India,2021-09-22,6609.291
India,2021-09-23,6604.374
India,2021-09-24,7042.1157
India,2021-09-25,5626.5576
India,2021-09-26,5112.572
India,2021-09-27,5666.648
India,2021-09-28,5152.194
India,2021-09-29,5251.021
India,2021-09-30,4929.4087
India,2021-10-01,4565.077
India,2021-10-02,4895.546
India,2021-10-03,5047.496
India,2021-10-04,4239.9653
India,2021-10-05,4498.372
India,2021-10-06,4393.13
India,2021-10-07,4083.8564
India,2021-10-08,4210.858
India,2021-10-09,4212.2476
India,2021-10-10,4508.371
India,2021-10-11,4392.4565
India,2021-10-12,4330.5815
India,2021-10-13,4247.099
India,2021-10-14,4127.916
India,2021-10-15,3602.3066
India,2021-10-16,2971.7715
India,2021-10-17,2526.0532
India,2021-10-18,2409.9753
India,2021-10-19,2583.0347
India,2021-10-20,3156.4246
India,2021-10-21,3491.9192
India,2021-10-22,3886.787
India,2021-10-23,4104.1733
India,2021-10-24,4602.458
India,2021-10-25,4529.503
India,2021-10-26,4383.363
India,2021-10-27,3925.5889
India,2021-10-28,3934.0942
India,2021-10-29,4185.521
India,2021-10-30,4495.1064
India,2021-10-31,4045.265
India,2021-11-01,4360.0464
India,2021-11-02,3895.4414
India,2021-11-03,3857.6023
India,2021-11-04,3472.5315
India,2021-11-05,2614.26
India,2021-11-06,2173.5945
India,2021-11-07,2055.6235
India,2021-11-08,2062.7166
India,2021-11-09,2247.903
India,2021-11-10,2279.719
India,2021-11-11,2572.496
India,2021-11-12,3370.3967
India,2021-11-13,3908.9019
India,2021-11-14,3983.4937
India,2021-11-15,3883.1028
India,2021-11-16,4163.182
India,2021-11-17,4329.5747
India,2021-11-18,4611.2915
India,2021-11-19,4226.538
India,2021-11-20,4460.2944
India,2021-11-21,4526.755
India,2021-11-22,4896.9805
India,2021-11-23,5037
India,2021-11-24,5287.9053
India,2021-11-25,4985.1616
India,2021-11-26,5728.8774
India,2021-11-27,4891.584
India,2021-11-28,5525.9253
India,2021-11-29,5276.491
India,2021-11-30,5322.523
India,2021-12-01,5186.2236
India,2021-12-02,5746.4404
India,2021-12-03,5108.252
India,2021-12-04,6144.862
India,2021-12-05,5569.1587
India,2021-12-06,5534.803
India,2021-12-07,5502.8345
India,2021-12-08,5447.796
India,2021-12-09,5249.3813
India,2021-12-10,5075.892
India,2021-12-11,5380.6577
India,2021-12-12,5275.192
India,2021-12-13,5186.179
India,2021-12-14,5444.92
India,2021-12-15,5272.6475
India,2021-12-16,4835.3267
India,2021-12-17,5310.887
India,2021-12-18,4566.387
India,2021-12-19,4512.9087
India,2021-12-20,4485.648
India,2021-12-21,4232.3516
India,2021-12-22,3865.0095
India,2021-12-23,4182.2207
India,2021-12-24,3927.62
India,2021-12-25,4101.4688
India,2021-12-26,3838.7336
India,2021-12-27,3830.8352
India,2021-12-28,3763.1033
India,2021-12-29,4424.306
India,2021-12-30,4058.565
India,2021-12-31,4440.6714
India,2022-01-01,4017.655
India,2022-01-02,4194.707
India,2022-01-03,4618.082
India,2022-01-04,4636.2666
India,2022-01-05,4711.1943
India,2022-01-06,5339.1187
India,2022-01-07,5685.1777
India,2022-01-08,5405.674
India,2022-01-09,6125.404
India,2022-01-10,5982.843
India,2022-01-11,6565.6367
India,2022-01-12,6223.089
India,2022-01-13,6206.5464
India,2022-01-14,5099.902
India,2022-01-15,5775.842
India,2022-01-16,5310.776
India,2022-01-17,5175.459
India,2022-01-18,3824.8643
India,2022-01-19,4826.0137
India,2022-01-20,4651.658
India,2022-01-21,5325.1816
India,2022-01-22,5156.3193
India,2022-01-23,5162.8696
India,2022-01-24,4766.159
India,2022-01-25,5442.597
India,2022-01-26,4382.862
India,2022-01-27,3886.4573
India,2022-01-28,3575.979
India,2022-01-29,3344.6887
India,2022-01-30,3522.8862
India,2022-01-31,4145.7554
India,2022-02-01,4094.1772
India,2022-02-02,4093.7375
India,2022-02-03,4249.8696
India,2022-02-04,4184.6714
India,2022-02-05,4281.0225
India,2022-02-06,3860.913
India,2022-02-07,3133.1052
India,2022-02-08,3158.512
India,2022-02-09,3306.577
India,2022-02-10,2894.4854
India,2022-02-11,3319.7937
India,2022-02-12,3026.0803
India,2022-02-13,3209.6587
India,2022-02-14,3375.5994
India,2022-02-15,3346.319
India,2022-02-16,2868.993
India,2022-02-17,3360.7217
India,2022-02-18,2782.4968
India,2022-02-19,2815.8218
India,2022-02-20,2555.1045
India,2022-02-21,2611.8967
India,2022-02-22,2350.606
India,2022-02-23,2309.1763
India,2022-02-24,2108.545
India,2022-02-25,2070.5532
India,2022-02-26,2089.6501
India,2022-02-27,2036.2904
India,2022-02-28,1943.0411
India,2022-03-01,1718.9166
India,2022-03-02,1659.9094
India,2022-03-03,1651.0475
India,2022-03-04,1551.8829
India,2022-03-05,1456.3545
India,2022-03-06,1415.188
India,2022-03-07,1416.9707
India,2022-03-08,1491.1545
India,2022-03-09,1530.0203
India,2022-03-10,1402.9669
India,2022-03-11,1416.726
India,2022-03-12,1259.0114
India,2022-03-13,1290.313
India,2022-03-14,1322.7635
India,2022-03-15,1264.8107
India,2022-03-16,1251.3169
India,2022-03-17,1259.9376
India,2022-03-18,1103.6532
India,2022-03-19,1108.5544
India,2022-03-20,1068.8082
India,2022-03-21,1139.3003
India,2022-03-22,1229.3594
India,2022-03-23,1460.0713
India,2022-03-24,1628.9227
India,2022-03-25,1707.3765
India,2022-03-26,1985.6217
India,2022-03-27,2000.7101
India,2022-03-28,1919.8815
India,2022-03-29,1810.0747
India,2022-03-30,1798.5168
India,2022-03-31,1771.736
India,2022-04-01,1708.5787
India,2022-04-02,1428.9124
India,2022-04-03,1445.5999
India,2022-04-04,1399.1663
India,2022-04-05,1423.0145
India,2022-04-06,1240.3007
India,2022-04-07,1054.8845
India,2022-04-08,1049.2535
India,2022-04-09,1091.3256
India,2022-04-10,1051.8771
India,2022-04-11,1033.0026
India,2022-04-12,1088.4508
India,2022-04-13,972.7252
India,2022-04-14,960.3589
India,2022-04-15,871.1039
India,2022-04-16,807.9417
India,2022-04-17,826.3001
India,2022-04-18,824.0846
India,2022-04-19,818.8933
India,2022-04-20,789.18774
India,2022-04-21,815.10095
India,2022-04-22,969.30963
India,2022-04-23,1053.1813
India,2022-04-24,1137.053
India,2022-04-25,1121.5513
India,2022-04-26,1146.5618
India,2022-04-27,1299.9059
India,2022-04-28,1352.1162
India,2022-04-29,1486.5686
India,2022-04-30,1471.126
India,2022-05-01,1511.3766
India,2022-05-02,1508.4271
India,2022-05-03,1418.284
India,2022-05-04,1267.9368
India,2022-05-05,1208.2996
India,2022-05-06,1066.4583
India,2022-05-07,1090.912
India,2022-05-08,1049.9221
India,2022-05-09,1107.7809
India,2022-05-10,1117.0165
India,2022-05-11,1201.5035
India,2022-05-12,1202.0658
India,2022-05-13,1170.8501
India,2022-05-14,1144.7896
India,2022-05-15,1099.7882
India,2022-05-16,1013.11206
India,2022-05-17,978.5077
India,2022-05-18,971.9726
India,2022-05-19,962.1458
India,2022-05-20,968.7634
India,2022-05-21,967.14386
India,2022-05-22,971.0984
India,2022-05-23,1016.6752
India,2022-05-24,1035.3282
India,2022-05-25,1023.7012
India,2022-05-26,1018.50604
India,2022-05-27,1012.39606
India,2022-05-28,1002.81793
India,2022-05-29,983.7075
India,2022-05-30,929.15265
India,2022-05-31,916.41626
India,2022-06-01,996.0188
India,2022-06-02,875.38245
India,2022-06-03,850.562
India,2022-06-04,823.6365
India,2022-06-05,808.78766
India,2022-06-06,813.1691
India,2022-06-07,818.93445
India,2022-06-08,761.27167
India,2022-06-09,901.65924
India,2022-06-10,935.103
India,2022-06-11,967.0513
India,2022-06-12,1005.03046
India,2022-06-13,1074.4615
India,2022-06-14,1091.3816
India,2022-06-15,1077.5958
India,2022-06-16,1075.379
India,2022-06-17,1077.9431
India,2022-06-18,1077.9492
India,2022-06-19,1053.0796
India,2022-06-20,983.49097
India,2022-06-21,967.5193
India,2022-06-22,953.18005
India,2022-06-23,950.0144
India,2022-06-24,935.6464
India,2022-06-25,942.4194
India,2022-06-26,937.47345
India,2022-06-27,949.2525
India,2022-06-28,995.2625
India,2022-06-29,1004.80414
India,2022-06-30,992.3189
India,2022-07-01,961.07697
India,2022-07-02,896.6421
India,2022-07-03,871.7493
India,2022-07-04,846.70795
India,2022-07-05,777.2348
India,2022-07-06,737.93024
India,2022-07-07,726.1675
India,2022-07-08,778.1282
India,2022-07-09,802.0565
India,2022-07-10,837.5791
India,2022-07-11,908.70734
India,2022-07-12,910.06256
India,2022-07-13,1007.75446
India,2022-07-14,1161.504
India,2022-07-15,1265.8849
India,2022-07-16,1304.0209
India,2022-07-17,1342.1569
India,2022-07-18,1401.3695
India,2022-07-19,1471.9453
India,2022-07-20,1546.5121
India,2022-07-21,1575.9965
India,2022-07-22,1680.3278
India,2022-07-23,1885.1875
India,2022-07-24,2014.7493
India,2022-07-25,2038.1763
India,2022-07-26,2165.7908
India,2022-07-27,2201.3972
India,2022-07-28,2309.197
India,2022-07-29,2297.3965
India,2022-07-30,2268.122
India,2022-07-31,2242.084
India,2022-08-01,2156.0928
India,2022-08-02,2107.8337
India,2022-08-03,2111.8196
India,2022-08-04,2000.8257
India,2022-08-05,1987.7405
India,2022-08-06,1974.227
India,2022-08-07,2013.1537
India,2022-08-08,2241.0256
India,2022-08-09,2268.8215
India,2022-08-10,2107.8772
India,2022-08-11,2039.0317
India,2022-08-12,1862.7545
India,2022-08-13,1793.4395
India,2022-08-14,1749.0708
India,2022-08-15,1650.3508
India,2022-08-16,1437.4053
India,2022-08-17,1559.0266
India,2022-08-18,1685.2986
India,2022-08-19,1794.2866
India,2022-08-20,1680.7697
India,2022-08-21,1711.2374
India,2022-08-22,1808.2754
India,2022-08-23,2017.4965
India,2022-08-24,1998.4795
India,2022-08-25,1870.3745
India,2022-08-26,1893.965
India,2022-08-27,2005.9471
India,2022-08-28,1967.4604
India,2022-08-29,1885.4469
India,2022-08-30,1851.2164
India,2022-08-31,1798.9032
India,2022-09-01,1692.7155
India,2022-09-02,1608.2839
India,2022-09-03,1604.569
India,2022-09-04,1567.2847
India,2022-09-05,1611.7056
India,2022-09-06,1549.5969
India,2022-09-07,1550.707
India,2022-09-08,1765.6057
India,2022-09-09,1805.3358
India,2022-09-10,1764.9899
India,2022-09-11,1750.2515
India,2022-09-12,1737.02
India,2022-09-13,1754.7593
India,2022-09-14,1752.985
India,2022-09-15,1692.626
India,2022-09-16,1618.4186
India,2022-09-17,1635.7808
India,2022-09-18,1589.5277
India,2022-09-19,1430.2059
India,2022-09-20,1346.5322
India,2022-09-21,1263.0212
India,2022-09-22,1124.1456
India,2022-09-23,1075.3429
India,2022-09-24,996.6606
India,2022-09-25,999.6846
India,2022-09-26,983.2638
India,2022-09-27,995.7419
India,2022-09-28,1021.46844
India,2022-09-29,1092.6604
India,2022-09-30,1267.1997
India,2022-10-01,1264.1515
India,2022-10-02,1161.6898
India,2022-10-03,1075.7728
India,2022-10-04,965.69196
India,2022-10-05,840.57935
India,2022-10-06,622.3041
India,2022-10-07,341.35495
India,2022-10-08,242.5444
India,2022-10-09,224.6615
India,2022-10-10,228.12422
India,2022-10-11,244.9958
India,2022-10-12,301.22653
India,2022-10-13,332.3538
India,2022-10-14,333.31564
India,2022-10-15,341.20703
India,2022-10-16,343.63998
India,2022-10-17,336.869
India,2022-10-18,328.6147
India,2022-10-19,285.0216
India,2022-10-20,291.45425
India,2022-10-21,292.84476
India,2022-10-22,262.51962
India,2022-10-23,236.61453
India,2022-10-24,225.58884
India,2022-10-25,185.52866
India,2022-10-26,157.52304
India,2022-10-27,121.324066
India,2022-10-28,93.310936
India,2022-10-29,81.779724
India,2022-10-30,75.723274
India,2022-10-31,79.16972
India,2022-11-01,83.360405
India,2022-11-02,85.7638
India,2022-11-03,89.99032
India,2022-11-04,92.890305
India,2022-11-05,92.55437
India,2022-11-06,92.858635
India,2022-11-07,88.80856
India,2022-11-08,95.44524
India,2022-11-09,90.51588
India,2022-11-10,86.682526
India,2022-11-11,81.47345
India,2022-11-12,75.981544
India,2022-11-13,71.80564
India,2022-11-14,71.26775
India,2022-11-15,68.99054
India,2022-11-16,71.48844
India,2022-11-17,70.0162
India,2022-11-18,66.51358
India,2022-11-19,64.1639
India,2022-11-20,62.65217
India,2022-11-21,61.40392
India,2022-11-22,57.42916
India,2022-11-23,54.86611
India,2022-11-24,51.723785
India,2022-11-25,49.272182
India,2022-11-26,47.658226
India,2022-11-27,45.569923
India,2022-11-28,45.30123
India,2022-11-29,46.994366
India,2022-11-30,41.917477
India,2022-12-01,39.543243
India,2022-12-02,36.980396
India,2022-12-03,35.04092
India,2022-12-04,34.65457
India,2022-12-05,34.42286
India,2022-12-06,29.405502
India,2022-12-07,30.870932
India,2022-12-08,29.138414
India,2022-12-09,28.888062
India,2022-12-10,28.517044
India,2022-12-11,27.933058
India,2022-12-12,28.063145
India,2022-12-13,28.752764
India,2022-12-14,30.448301
India,2022-12-15,31.583502
India,2022-12-16,32.3089
India,2022-12-17,32.19425
India,2022-12-18,32.842876
India,2022-12-19,32.695953
India,2022-12-20,32.536102
India,2022-12-21,32.196552
India,2022-12-22,33.81873
India,2022-12-23,37.365944
India,2022-12-24,43.123936
India,2022-12-25,48.559814
India,2022-12-26,51.410896
India,2022-12-27,56.147736
India,2022-12-28,59.772324
India,2022-12-29,61.992916
India,2022-12-30,61.13212
India,2022-12-31,59.288757
India,2023-01-01,55.05643
India,2023-01-02,52.193924
India,2023-01-03,47.384926
India,2023-01-04,43.209423
India,2023-01-05,39.571003
India,2023-01-06,35.904926
India,2023-01-07,32.905113
India,2023-01-08,32.624695
India,2023-01-09,33.044422
India,2023-01-10,33.9869
India,2023-01-11,34.258297
India,2023-01-12,34.310814
India,2023-01-13,34.471565
India,2023-01-14,33.788563
India,2023-01-15,30.580091
India,2023-01-16,29.841965
India,2023-01-17,29.949402
India,2023-01-18,34.838474
India,2023-01-19,48.22558
India,2023-01-20,61.134624
India,2023-01-21,78.413506
India,2023-01-22,111.241646
India,2023-01-23,115.750786
India,2023-01-24,132.2283
India,2023-01-25,143.90694
India,2023-01-26,151.6041
India,2023-01-27,138.29808
India,2023-01-28,137.35219
India,2023-01-29,128.39134
India,2023-01-30,175.95956
India,2023-01-31,181.17397
India,2023-02-01,183.0493
India,2023-02-02,173.05127
India,2023-02-03,184.69974
India,2023-02-04,179.32037
India,2023-02-05,166.93408
India,2023-02-06,119.21953
India,2023-02-07,105.3666
India,2023-02-08,94.35213
India,2023-02-09,89.104065
India,2023-02-10,80.34917
India,2023-02-11,66.70089
India,2023-02-12,53.864506
India,2023-02-13,49.02674
India,2023-02-14,35.892
India,2023-02-15,24.021938
India,2023-02-16,12.922578
India,2023-02-17,6.2418556
India,2023-02-18,4.553234
India,2023-02-19,4.2286186
India,2023-02-20,4.1876283
India,2023-02-21,4.2406454
India,2023-02-22,4.1726956
India,2023-02-23,4.150146
India,2023-02-24,4.1263933
India,2023-02-25,4.0138454
India,2023-02-26,4.182718
India,2023-02-27,4.1864257
India,2023-02-28,4.090414
India,2023-03-01,4.075782
India,2023-03-02,4.0677643
India,2023-03-03,4.044513
India,2023-03-04,4.0605483
India,2023-03-05,4.1679854
India,2023-03-06,4.14293
India,2023-03-07,4.041005
India,2023-03-08,3.6764019
India,2023-03-09,3.2164884
India,2023-03-10,3.2737145
India,2023-03-11,3.3081903
India,2023-03-12,3.2362318
India,2023-03-13,3.2713091
India,2023-03-14,3.5192556
India,2023-03-15,4.0589447
India,2023-03-16,4.7150908
India,2023-03-17,4.7925615
India,2023-03-18,4.8178673
India,2023-03-19,5.046321
India,2023-03-20,5.040909
India,2023-03-21,5.0565434
India,2023-03-22,4.9853864
India,2023-03-23,4.7720165
India,2023-03-24,4.620783
India,2023-03-25,4.8543477
India,2023-03-26,4.789655
India,2023-03-27,4.8519926
India,2023-03-28,5.256083
India,2023-03-29,5.7201056
India,2023-03-30,6.405817
India,2023-03-31,6.459435
India,2023-04-01,6.365027
India,2023-04-02,5.914434
India,2023-04-03,5.746464
India,2023-04-04,4.7567825
India,2023-04-05,3.7442515
India,2023-04-06,2.5399976
India,2023-04-07,2.0421002
India,2023-04-08,1.3191069
India,2023-04-09,1.1284368
India,2023-04-10,1.0769734
India,2023-04-11,0.9200275
India,2023-04-12,0.7575695
India,2023-04-13,0.5951115
India,2023-04-14,0.39617306
India,2023-04-15,0.29444888
India,2023-04-16,0.32005534
India,2023-04-17,0.30567363
India,2023-04-18,0.3415527
India,2023-04-19,0.34846795
India,2023-04-20,0.38324457
India,2023-04-21,0.76749134
India,2023-04-22,1.2343202
India,2023-04-23,1.3257215
India,2023-04-24,1.378538
India,2023-04-25,1.841358
India,2023-04-26,2.2878418
India,2023-04-27,2.6998498
India,2023-04-28,2.71809
India,2023-04-29,2.5800858
India,2023-04-30,2.676298
India,2023-05-01,2.624584
India,2023-05-02,2.347373
India,2023-05-03,2.0847943
India,2023-05-04,1.8445649
India,2023-05-05,1.5702604
India,2023-05-06,1.3299308
India,2023-05-07,1.3102876
India,2023-05-08,1.3438616
India,2023-05-09,1.375832
India,2023-05-10,1.3464673
India,2023-05-11,1.3051763
India,2023-05-12,1.2981608
India,2023-05-13,1.3418571
India,2023-05-14,1.2403334
India,2023-05-15,1.2206901
India,2023-05-16,1.0336779
India,2023-05-17,0.91932595
India,2023-05-18,0.81409407
India,2023-05-19,0.7484494
India,2023-05-20,0.66707003
India,2023-05-21,0.6489301
India,2023-05-22,0.6589522
India,2023-05-23,0.69262636
India,2023-05-24,0.751456
India,2023-05-25,0.8134927
India,2023-05-26,0.8532804
India,2023-05-27,0.87743366
India,2023-05-28,0.8982796
India,2023-05-29,0.92012775
India,2023-05-30,0.94949245
India,2023-05-31,0.93215424
India,2023-06-01,0.89858025
India,2023-06-02,0.780019
India,2023-06-03,0.68160206
India,2023-06-04,0.5974166
India,2023-06-05,0.54249555
India,2023-06-06,1.6812049
India,2023-06-07,1.6389619
India,2023-06-08,1.6076429
India,2023-06-09,1.6785992
India,2023-06-10,1.7309145
India,2023-06-11,1.7527627
India,2023-06-12,1.7586757
India,2023-06-13,0.49729592
India,2023-06-14,0.45986342
India,2023-06-15,0.4146137
India,2023-06-16,0.393868
India,2023-06-17,0.37332273
India,2023-06-18,0.34756595
India,2023-06-19,0.34195358
India,2023-06-20,0.34035006
India,2023-06-21,0.32100743
India,2023-06-22,0.31579593
India,2023-06-23,0.28793454
India,2023-06-24,0.27079678
India,2023-06-25,0.27450493
India,2023-06-26,0.27410406
India,2023-06-27,0.27290142
India,2023-06-28,0.27881444
India,2023-06-29,0.2785138
India,2023-06-30,0.27179897
India,2023-07-01,0.26538485
India,2023-07-02,0.25035173
India,2023-07-03,0.25676584
India,2023-07-04,0.27801266
India,2023-07-05,0.3239138
India,2023-07-06,0.3429558
India,2023-07-07,0.39086136
India,2023-07-08,0.4314508
India,2023-07-09,0.4520963
India,2023-07-10,0.46572635
India,2023-07-11,0.4703365
India,2023-07-12,0.44498062
India,2023-07-13,0.4769511
India,2023-07-14,0.43125036
India,2023-07-15,0.39126223
India,2023-07-16,0.38234258
India,2023-07-17,0.36149666
India,2023-07-18,0.32892486
India,2023-07-19,0.3209072
India,2023-07-20,0.28302372
India,2023-07-21,0.29324624
India,2023-07-22,0.2867319
India,2023-07-23,0.27350274
India,2023-07-24,0.26969433
India,2023-07-25,0.27891466
India,2023-07-26,0.28613055
India,2023-07-27,0.28172085
India,2023-07-28,0.27320206
India,2023-07-29,0.2767098
India,2023-07-30,0.27079678
India,2023-07-31,0.27059633
India,2023-08-01,0.26789036
India,2023-08-02,0.24123162
India,2023-08-03,0.22679982
India,2023-08-04,0.22379318
India,2023-08-05,0.23612034
India,2023-08-06,0.2464431
India,2023-08-07,0.245942
India,2023-08-08,0.23511814
India,2023-08-09,0.24423824
India,2023-08-10,0.25205547
India,2023-08-11,0.25927138
India,2023-08-12,0.24734509
India,2023-08-13,0.23261262
India,2023-08-14,0.23411593
India,2023-08-15,0.24253449
India,2023-08-16,0.21226779
India,2023-08-17,0.22178876
India,2023-08-18,0.23982853
India,2023-08-19,0.27691025
India,2023-08-20,0.3242145
India,2023-08-21,0.33413637
India,2023-08-22,0.38975894
India,2023-08-23,0.49018022
India,2023-08-24,0.5552236
India,2023-08-25,0.6827045
India,2023-08-26,0.6297879
India,2023-08-27,0.59070176
India,2023-08-28,0.5773724
India,2023-08-29,0.50170565
India,2023-08-30,0.41210818
India,2023-08-31,0.31048423
India,2023-09-01,0.14371672
India,2023-09-02,0.13098867
India,2023-09-03,0.1023255
India,2023-09-04,0.10382881
India,2023-09-05,0.100621745
India,2023-09-06,0.09350606
India,2023-09-07,0.092102975
India,2023-09-08,0.08528795
India,2023-09-09,0.0835842
India,2023-09-10,0.09350606
India,2023-09-11,0.08899613
India,2023-09-12,0.09009855
India,2023-09-13,0.0913012
India,2023-09-14,0.09380673
India,2023-09-15,0.09551048
India,2023-09-16,0.09881777
India,2023-09-17,0.11014273
India,2023-09-18,0.1095414
India,2023-09-19,0.10563279
India,2023-09-20,0.10012064
India,2023-09-21,0.10082219
India,2023-09-22,0.101223074
India,2023-09-23,0.10142351
India,2023-09-24,0.08919657
India,2023-09-25,0.08989811
India,2023-09-26,0.0956107
India,2023-09-27,0.09631225
India,2023-09-28,0.09140143
India,2023-09-29,0.08258199
India,2023-09-30,0.079675585
India,2023-10-01,0.08077802
India,2023-10-02,0.07461443
India,2023-10-03,0.05842876
India,2023-10-04,0.068450846
India,2023-10-05,0.069052175
India,2023-10-06,0.07366233
India,2023-10-07,0.0749652
India,2023-10-08,0.076368295
India,2023-10-09,0.08233144
India,2023-10-10,0.10012064
India,2023-10-11,0.09350606
India,2023-10-12,0.093606286
India,2023-10-13,0.09581114
India,2023-10-14,0.0951096
India,2023-10-15,0.09340584
India,2023-10-16,0.09390695
India,2023-10-17,0.086991705
India,2023-10-18,0.08368442
India,2023-10-19,0.0864906
India,2023-10-20,0.08107868
India,2023-10-21,0.07907426
India,2023-10-22,0.07747073
India,2023-10-23,0.07245968
India,2023-10-24,0.066646874
India,2023-10-25,0.062437598
India,2023-10-26,0.058528982
India,2023-10-27,0.05963141
India,2023-10-28,0.059030086
India,2023-10-29,0.056825228
India,2023-10-30,0.05943097
India,2023-10-31,0.06464246
India,2023-11-01,0.06794974
India,2023-11-02,0.06644643
India,2023-11-03,0.06614577
India,2023-11-04,0.06885173
India,2023-11-05,0.07215902
India,2023-11-06,0.07245968
India,2023-11-07,0.07326145
India,2023-11-08,0.07316123
India,2023-11-09,0.07646852
India,2023-11-10,0.07306101
India,2023-11-11,0.06754886
India,2023-11-12,0.06253782
India,2023-11-13,0.059731632
India,2023-11-14,0.053217277
India,2023-11-15,0.04980977
India,2023-11-16,0.045700714
India,2023-11-17,0.046803143
India,2023-11-18,0.04990999
India,2023-11-19,0.054119267
India,2023-11-20,0.056023464
India,2023-11-21,0.062136933
India,2023-11-22,0.064842895
India,2023-11-23,0.066947535
India,2023-11-24,0.068150185
India,2023-11-25,0.06654665
India,2023-11-26,0.06283848
India,2023-11-27,0.06374047
India,2023-11-28,0.061234947
India,2023-11-29,0.059831854
India,2023-11-30,0.05933075
India,2023-12-01,0.060934283
India,2023-12-02,0.060633622
India,2023-12-03,0.061936494
India,2023-12-04,0.06083406
India,2023-12-05,0.059130307
India,2023-12-06,0.057626996
India,2023-12-07,0.054820813
India,2023-12-08,0.05261595
India,2023-12-09,0.052716173
India,2023-12-10,0.054319706
India,2023-12-11,0.0514133
India,2023-12-12,0.044798724
India,2023-12-13,0.037683044
India,2023-12-14,0.046101596
India,2023-12-15,0.051613744
India,2023-12-16,0.05231529
India,2023-12-17,0.057125892
India,2023-12-18,0.060733844
India,2023-12-19,0.061234947
India,2023-12-20,0.07370687
India,2023-12-21,0.07004324
India,2023-12-22,0.0686847
India,2023-12-23,0.071435206
India,2023-12-24,0.06927489
India,2023-12-25,0.07753754
India,2023-12-26,0.089408144
India,2023-12-27,0.089408144
India,2023-12-28,0.089408144
India,2023-12-29,0.089408144
India,2023-12-30,0.089408144
India,2023-12-31,0.089408144
India,2024-01-01,0.089408144
India,2024-01-02,0.089408144
India,2024-01-03,0.089408144
India,2024-01-04,0.089408144
India,2024-01-05,0.089408144
India,2024-01-06,0.089408144
India,2024-01-07,0.10038789
India,2024-01-08,0.09412966
India,2024-01-09,0.103004776
India,2024-01-10,0.11358365
India,2024-01-11,0.119151466
India,2024-01-12,0.12141201
India,2024-01-13,0.15033129
India,2024-01-14,0.13770346
India,2024-01-15,0.1364006
India,2024-01-16,0.1297359
India,2024-01-17,0.12136746
India,2024-01-18,0.1412112
India,2024-01-19,0.15093262
India,2024-01-20,0.1374028
India,2024-01-21,0.14441827
India,2024-01-22,0.1436165
India,2024-01-23,0.14126131
India,2024-01-24,0.14331584
India,2024-01-25,0.12848315
India,2024-01-26,0.114352
India,2024-01-27,0.08929679
India,2024-01-28,0.08007647
India,2024-01-29,0.07857315
India,2024-01-30,0.0956107
India,2024-01-31,0.10022086
India,2024-02-01,0.101824395
India,2024-02-02,0.1354986
India,2024-02-03,0.19783598
India,2024-02-04,0.21687795
India,2024-02-05,0.22419406
India,2024-02-06,0.20254636
India,2024-02-07,0.22028546
India,2024-02-08,0.21467309
India,2024-02-09,0.1983371
India,2024-02-10,0.14261429
India,2024-02-11,0.12096658
India,2024-02-12,0.11294891
India,2024-02-13,0.113349795
India,2024-02-14,0.10012064
India,2024-02-15,0.12026504
India,2024-02-16,0.24300218
India,2024-02-17,0.38397953
India,2024-02-18,0.52836436
India,2024-02-19,0.55221695
India,2024-02-20,0.8767321
India,2024-02-21,1.013734
India,2024-02-22,1.0812829
India,2024-02-23,1.0270967
India,2024-02-24,0.97130716
India,2024-02-25,0.88084114
India,2024-02-26,0.8592937
India,2024-02-27,0.613051
India,2024-02-28,0.53838646
India,2024-02-29,0.5262597
India,2024-03-01,0.5235538
India,2024-03-02,0.47133872
India,2024-03-03,0.4212283
India,2024-03-04,0.42012584
India,2024-03-05,0.35608473
India,2024-03-06,0.28232217
India,2024-03-07,0.20154415
India,2024-03-08,0.15544255
India,2024-03-09,0.1945287
India,2024-03-10,0.28212172
India,2024-03-11,0.33573988
India,2024-03-12,0.4481877
India,2024-03-13,0.52976745
India,2024-03-14,0.780921
India,2024-03-15,1.1272843
India,2024-03-16,1.52466
India,2024-03-17,2.0001078
India,2024-03-18,1.9901859
India,2024-03-19,2.6448286
India,2024-03-20,3.5302799
India,2024-03-21,4.088911
India,2024-03-22,4.249064
India,2024-03-23,4.3322473
India,2024-03-24,4.183419
India,2024-03-25,4.2028623
India,2024-03-26,3.5922163
India,2024-03-27,3.651948
India,2024-03-28,3.5772834
India,2024-03-29,3.172291
India,2024-03-30,2.6117556
India,2024-03-31,2.195338
India,2024-04-01,2.1298938
India,2024-04-02,1.9522022
India,2024-04-03,0.91291183
India,2024-04-04,0.16696796
India,2024-04-05,0.019142184
India,2024-04-06,0.01974351
India,2024-04-07,0.016035337
India,2024-04-08,0.017137768
India,2024-04-09,0.017137768
India,2024-04-10,0.016536443
India,2024-04-11,0.01513335
India,2024-04-12,0.014932908
India,2024-04-13,0.015534233
India,2024-04-14,0.013128933
India,2024-04-15,0.011826062
India,2024-04-16,0.013028712
India,2024-04-17,0.015935117
India,2024-04-18,0.016736884
India,2024-04-19,0.01743843
India,2024-04-20,0.01743843
India,2024-04-21,0.01743843
India,2024-04-22,0.018440638
India,2024-04-23,0.019643288
India,2024-04-24,0.01864108
India,2024-04-25,0.019643288
India,2024-04-26,0.01994395
India,2024-04-27,0.01994395
India,2024-04-28,0.020845938
India,2024-04-29,0.019843731
India,2024-04-30,0.019342626
India,2024-05-01,0.017739093
India,2024-05-02,0.01623578
India,2024-05-03,0.01513335
India,2024-05-04,0.0139307
India,2024-05-05,0.012327166
India,2024-05-06,0.013730258
India,2024-05-07,0.0114251785
India,2024-05-08,0.010823853
India,2024-05-09,0.011024294
India,2024-05-10,0.011725841
India,2024-05-11,0.0139307
India,2024-05-12,0.014131142
India,2024-05-13,0.012026504
India,2024-05-14,0.012427387
India,2024-05-15,0.012126724
India,2024-05-16,0.011809358
India,2024-05-17,0.012093318
India,2024-05-18,0.010172417
India,2024-05-19,0.010957481
India,2024-05-20,0.012844974
India,2024-05-21,0.013529817
India,2024-05-22,0.0146322455
India,2024-05-23,0.0155509375
India,2024-05-24,0.015367199
India,2024-05-25,0.0154841235
India,2024-05-26,0.017304802
India,2024-05-27,0.016219076
India,2024-05-28,0.016135558
India,2024-05-29,0.01974351
India,2024-05-30,0.019843731
India,2024-05-31,0.019442847
India,2024-06-01,0.01974351
India,2024-06-02,0.017037546
India,2024-06-03,0.017237987
India,2024-06-04,0.016636662
India,2024-06-05,0.011826062
India,2024-06-06,0.011124516
India,2024-06-07,0.011024294
India,2024-06-08,0.0097214235
India,2024-06-09,0.0097214235
India,2024-06-10,0.009120098
India,2024-06-11,0.008418553
India,2024-06-12,0.008719215
India,2024-06-13,0.0067147976
India,2024-06-14,0.0062136934
India,2024-06-15,0.008418553
India,2024-06-16,0.0077170064
India,2024-06-17,0.007516565
India,2024-06-18,0.007917448
India,2024-06-19,0.007416344
India,2024-06-20,0.009019878
India,2024-06-21,0.008919656
India,2024-06-22,0.0077170064
India,2024-06-23,0.008819436
India,2024-06-24,0.009220319
India,2024-06-25,0.011024294
India,2024-06-26,0.011725841
India,2024-06-27,0.011324957
India,2024-06-28,0.012126724
India,2024-06-29,0.011926282
India,2024-06-30,0.013529817
India,2024-07-01,0.013028712
India,2024-07-02,0.011725841
India,2024-07-03,0.0114251785
India,2024-07-04,0.010924074
India,2024-07-05,0.010022086
India,2024-07-06,0.009120098
India,2024-07-07,0.006414135
India,2024-07-08,0.0063139144
India,2024-07-09,0.005913031
India,2024-07-10,0.006013252
India,2024-07-11,0.006013252
India,2024-07-12,0.006414135
India,2024-07-13,0.0068150186
India,2024-07-14,0.0068150186
India,2024-07-15,0.0073662335
India,2024-07-16,0.0069152396
India,2024-07-17,0.006414135
India,2024-07-18,0.0061134724
India,2024-07-19,0.005512147
India,2024-07-20,0.0048106015
India,2024-07-21,0.0047103805
India,2024-07-22,0.00466027
India,2024-07-23,0.0046101594
India,2024-07-24,0.0052114846
India,2024-07-25,0.0052114846
India,2024-07-26,0.005787755
India,2024-07-27,0.006063362
India,2024-07-28,0.006739853
India,2024-07-29,0.007115681
India,2024-07-30,0.007516565
India,2024-07-31,0.0067147976
India,2024-08-01,0.006514356
India,2024-08-02,0.006739853
India,2024-08-03,0.0066646873
India,2024-08-04,0.006789963
India,2024-08-05,0.006414135
India,2024-08-06,0.006013252
India,2024-08-07,0.0057125892
India,2024-08-08,0.0061134724
India,2024-08-09,0.0054119267
India,2024-08-10,0.006013252
India,2024-08-11,0.005512147
India,2024-08-12,0.005512147